id,comentario,sentimiento_calculado
1,"Increíble película, Quentin Tarantino es un genio. Me quedé maravillado con la forma en que entrelaza las historias y cómo cada personaje tiene algo único que aportar a la narrativa. La película no solo es entretenida, sino que también te hace reflexionar sobre la vida, la casualidad y el destino. Sin duda, una obra maestra del cine moderno que sigue siendo relevante décadas después de su estreno.",positivo
2,"Me encantó la trama y los personajes. La manera en que Tarantino construye los diálogos y los momentos de tensión es simplemente brillante. Cada escena está llena de significado y el ritmo es perfecto, nunca te aburres. Los personajes son tan carismáticos y memorables que te quedas pensando en ellos mucho después de terminar la película. Es una experiencia cinematográfica que recomiendo a todo el mundo.",positivo
3,"No me gustó para nada, demasiada violencia. Aunque entiendo que la violencia es parte del estilo de Tarantino, en esta película me pareció excesiva y gratuita. Algunas escenas me resultaron incómodas e innecesarias, y eso me impidió disfrutar de la historia. Además, los personajes no me resultaron simpáticos y el humor negro no conectó conmigo. No es una película que recomendaría a personas sensibles.",negativo
4,"La banda sonora es simplemente perfecta. Cada canción está seleccionada con mucho cuidado y aporta un ambiente único a las escenas. La música no solo acompaña la acción, sino que también ayuda a definir el tono y el estilo de la película. Es increíble cómo Tarantino utiliza la música para potenciar las emociones y crear momentos inolvidables. La banda sonora es, sin duda, uno de los puntos más fuertes de Pulp Fiction.",positivo
5,"No me enganchó, la encontré aburrida. Esperaba mucho más después de todo lo que había escuchado sobre ella, pero la historia no me atrapó en ningún momento. Los personajes me parecieron poco interesantes y la trama, aunque original, me resultó confusa y difícil de seguir. No logré conectar emocionalmente con la película y me costó terminar de verla. No es para mí.",negativo
6,"Los diálogos son brillantes. Cada conversación está cargada de significado y el lenguaje es tan natural que parece real. Tarantino tiene un don para crear diálogos que son a la vez divertidos, filosos y profundos. Los personajes hablan como personas reales, con sus propias manías y formas de expresarse. Los diálogos son, sin duda, uno de los mayores aciertos de la película y hacen que cada escena sea memorable.",positivo
7,"No entiendo por qué es tan famosa. La vi esperando encontrar algo especial, pero no logré ver qué la hace tan valorada. La historia me pareció confusa y los personajes, aunque carismáticos, no me resultaron especialmente interesantes. No niego que tiene momentos divertidos y originales, pero en general no me impactó tanto como a la mayoría. Quizás es una película que hay que ver más de una vez para apreciarla.",negativo
8,"Una obra maestra del cine moderno. Pulp Fiction es una película que redefine lo que significa hacer cine. La forma en que Tarantino entrelaza las historias, el ritmo, los personajes y los diálogos es simplemente magistral. Cada escena está cuidadosamente construida y no hay un solo minuto desperdiciado. Es una película que te deja pensando y que puedes ver una y otra vez, descubriendo nuevos detalles cada vez. Sin duda, una de las mejores películas de todos los tiempos.",positivo
9,"Me parece una película normal, ni bien ni mal. No me emocionó especialmente, pero tampoco me disgustó. La historia es original y los personajes están bien construidos, pero no logré conectar emocionalmente con la película. Quizás mis expectativas eran demasiado altas, pero en general me dejó indiferente. No la recomendaría ni la desaconsejaría, simplemente es una película más para mí.",neutro
10,"La actuación de John Travolta es espectacular. Travolta demuestra una vez más su versatilidad como actor, dando vida a un personaje complejo y lleno de matices. Su química con Samuel L. Jackson es palpable y juntos crean algunas de las escenas más memorables de la película. Travolta aporta carisma, humor y profundidad a su papel, y es uno de los grandes aciertos del casting. Sin duda, una de sus mejores interpretaciones.",positivo
11,"No me gustó el final. Después de todo el desarrollo de la historia, esperaba un cierre más impactante o al menos más satisfactorio. El final me dejó con la sensación de que faltaba algo, como si la película no terminara de cerrar todas las tramas de manera convincente. No fue lo suficientemente memorable para mí y eso afectó mi opinión general sobre la película. Quizás es cuestión de gustos, pero a mí no me convenció.",negativo
12,"Muy recomendable para los amantes del cine. Pulp Fiction es una película que todo cinéfilo debería ver al menos una vez. Es una obra que rompe con las convenciones del cine tradicional y que demuestra el poder de la creatividad y la originalidad. La dirección, el guion y las actuaciones son excepcionales. Es una experiencia cinematográfica única que te deja con ganas de más. No te la pierdas si te gusta el cine de autor.",positivo
13,"No la volvería a ver. Aunque reconocer el mérito artístico de la película, personalmente no disfruté la experiencia. La violencia, el humor negro y los personajes no me resultaron atractivos. Me costó conectar con la historia y no logré empatizar con ningún personaje. Quizás es una película que requiere de un tipo de humor o sensibilidad que no tengo. No la recomendaría a personas que buscan algo más ligero o menos crudo.",negativo
14,"La dirección y el montaje son increíbles. Tarantino demuestra una vez más su talento detrás de la cámara, creando escenas que son a la vez visualmente impactantes y narrativamente sólidas. El montaje es ágil y ayuda a mantener el ritmo de la película, mientras que la dirección de arte y la fotografía contribuyen a crear una atmósfera única. Es una película que se disfruta tanto por su historia como por su forma de contarla.",positivo
15,"No me pareció nada especial. La vi con la recomendación de varios amigos, pero no encontré nada que me impactara especialmente. La historia es original, pero no me resultó tan sorprendente como esperaba. Los personajes están bien construidos, pero no logré conectar con ellos. En general, es una película correcta, pero no la consideraría una obra maestra. Simplemente no es para mí.",negativo
16,"Samuel L. Jackson está increíble en su papel. Su interpretación es poderosa, carismática y llena de matices. Jackson logra transmitir la complejidad de su personaje con una naturalidad impresionante. Cada vez que aparece en pantalla, roba la escena con su presencia y su forma de hablar. Es uno de los personajes más memorables de la película y, sin duda, una de las mejores actuaciones de su carrera. Un verdadero acierto del casting.",positivo
17,"Demasiado larga para lo que cuenta. La película me pareció que se extendía más de lo necesario en algunas partes. Aunque tiene momentos brillantes, también hay escenas que podrían haberse acortado sin perder fuerza narrativa. El ritmo es irregular y en ocasiones me sentí aburrido. Creo que con una edición más ajustada, la película habría ganado en intensidad y coherencia. No es una de mis favoritas, aunque reconozco su valor artístico.",negativo
18,"Una de las mejores películas que he visto. Pulp Fiction es una experiencia cinematográfica que te marca. La forma en que Tarantino juega con el tiempo y las historias es simplemente genial. Los personajes son inolvidables y los diálogos, brillantes. Es una película que puedes ver una y otra vez, descubriendo nuevos detalles cada vez. No hay un solo minuto desperdiciado y cada escena aporta algo a la historia. Sin duda, una obra maestra.",positivo
19,"No me gustaron los personajes. Aunque reconocí la originalidad de la historia, no logré empatizar con ninguno de los protagonistas. Sus acciones y motivaciones me resultaron poco creíbles y, en ocasiones, desagradables. El humor negro tampoco conectó conmigo y eso me impidió disfrutar de la película. Creo que es una cuestión de gustos, pero para mí los personajes fueron el punto débil de la película.",negativo
20,"Me gustó, pero no es para todos los públicos. Reconozco el mérito artístico de la película y la originalidad de la historia, pero creo que no todo el mundo va a disfrutarla. La violencia, el humor negro y los diálogos pueden resultar incómodos para algunas personas. Es una película que requiere de cierta apertura mental y gusto por el cine de autor. No la recomendaría a personas sensibles o que buscan algo más convencional.",neutro
21,"La película es muy original y divertida. Me encantó la forma en que Tarantino mezcla géneros y juega con las expectativas del espectador. Cada escena es una sorpresa y el humor negro está presente en todo momento. Los personajes son extravagantes y memorables, y la historia nunca deja de sorprender. Es una película que te hace reír, reflexionar y disfrutar del cine de una manera diferente. Muy recomendable para quienes buscan algo fuera de lo común.",positivo
22,"No logré conectar con la historia. Aunque reconocí la originalidad de la película, no logré empatizar con los personajes ni con la trama. Me resultó difícil seguir el hilo de la historia y, en ocasiones, me sentí perdido. El humor negro tampoco conectó conmigo y eso me impidió disfrutar de la experiencia. No es una película que recomendaría, aunque entiendo que tiene muchos seguidores.",negativo
23,"Recomendada totalmente. Pulp Fiction es una película que todo amante del cine debería ver al menos una vez. Es una obra que rompe con las convenciones y que demuestra el poder de la creatividad. La dirección, el guion y las actuaciones son excepcionales. Es una experiencia cinematográfica única que te deja con ganas de más. No te la pierdas si te gusta el cine de autor y las historias originales.",positivo
24,"No la recomendaría. Aunque reconozco el mérito artístico de la película, personalmente no la disfruté. La violencia, el humor negro y los personajes no me resultaron atractivos. Me costó conectar con la historia y no logré empatizar con ningún personaje. Quizás es una película que requiere de un tipo de humor o sensibilidad que no tengo. No la recomendaría a personas que buscan algo más ligero o menos crudo.",negativo
25,"Me encantó cada minuto. Pulp Fiction es una película que te atrapa desde el primer momento y no te suelta hasta el final. La forma en que Tarantino construye la historia y los personajes es simplemente genial. Cada escena está llena de significado y el ritmo es perfecto. Es una película que puedes ver una y otra vez, descubriendo nuevos detalles cada vez. Sin duda, una de mis favoritas de todos los tiempos.",positivo
26,"No me pareció tan buena como dicen. La vi esperando encontrar algo especial, pero no logré ver qué la hace tan valorada. La historia me pareció confusa y los personajes, aunque carismáticos, no me resultaron especialmente interesantes. No niego que tiene momentos divertidos y originales, pero en general no me impactó tanto como a la mayoría. Quizás es una película que hay que ver más de una vez para apreciarla.",negativo
27,"La estructura narrativa es muy interesante. Me fascinó la forma en que Tarantino juega con el tiempo y las historias, entrelazando diferentes tramas de manera original y sorprendente. Cada historia tiene su propio ritmo y estilo, pero todas convergen de manera magistral. Es una película que te mantiene atento y que te invita a reflexionar sobre la casualidad y el destino. Sin duda, uno de los mayores aciertos de la película.",positivo
28,"La violencia es innecesaria. Aunque entiendo que es parte del estilo de Tarantino, en esta película me pareció excesiva y gratuita. Algunas escenas me resultaron incómodas e innecesarias, y eso me impidió disfrutar de la historia. Además, los personajes no me resultaron simpáticos y el humor negro no conectó conmigo. No es una película que recomendaría a personas sensibles o que buscan algo más ligero.",negativo
29,"Una película que no olvidaré fácilmente. Pulp Fiction es una experiencia cinematográfica que te marca. La forma en que Tarantino juega con el tiempo y las historias es simplemente genial. Los personajes son inolvidables y los diálogos, brillantes. Es una película que puedes ver una y otra vez, descubriendo nuevos detalles cada vez. No hay un solo minuto desperdiciado y cada escena aporta algo a la historia. Sin duda, una obra maestra.",positivo
30,"No me aportó nada nuevo. La vi esperando encontrar algo innovador, pero la historia me pareció confusa y los personajes, aunque originales, no me resultaron especialmente interesantes. No niego que tiene momentos divertidos y originales, pero en general no me impactó tanto como a la mayoría. Quizás es una película que hay que ver más de una vez para apreciarla, pero a mí no me convenció del todo.",negativo
31,"La vería una y otra vez. Pulp Fiction es una película que nunca cansa. Cada vez que la veo, descubro nuevos detalles y matices que no había notado antes. La historia, los personajes y los diálogos son tan ricos que siempre hay algo nuevo que disfrutar. Es una película que te invita a reflexionar y a disfrutar del cine de una manera diferente. Sin duda, una de mis favoritas de todos los tiempos.",positivo
32,"Demasiado confusa. Me costó seguir el hilo de la historia y, en ocasiones, me sentí perdido. La estructura narrativa, aunque original, me resultó difícil de seguir y eso me impidió disfrutar de la película. El humor negro tampoco conectó conmigo y los personajes no me resultaron especialmente interesantes. No es una película que recomendaría, aunque entiendo que tiene muchos seguidores.",negativo
33,Me fascinó la química entre los actores. La interacción entre los personajes es uno de los puntos más fuertes de la película. John Travolta y Samuel L. Jackson tienen una química increíble y juntos crean algunas de las escenas más memorables. La naturalidad con la que actúan y la forma en que se relacionan hacen que la historia cobre vida. Es una película que se disfruta tanto por las actuaciones como por la historia.,positivo
34,"No me gustó el ritmo de la película. Me pareció que la historia avanzaba de manera irregular y que algunas escenas se extendían más de lo necesario. El ritmo lento en ciertos momentos me hizo perder el interés y me costó mantener la atención. Aunque reconozco la originalidad de la historia, el ritmo fue un punto débil para mí. No es una película que recomendaría a quienes buscan algo más dinámico.",negativo
35,"Una película que todo cinéfilo debe ver. Pulp Fiction es una obra que redefine lo que significa hacer cine. La forma en que Tarantino entrelaza las historias, el ritmo, los personajes y los diálogos es simplemente magistral. Cada escena está cuidadosamente construida y no hay un solo minuto desperdiciado. Es una película que te deja pensando y que puedes ver una y otra vez, descubriendo nuevos detalles cada vez. Sin duda, una de las mejores películas de todos los tiempos.",positivo
36,"No la entendí del todo. Me costó seguir el hilo de la historia y, en ocasiones, me sentí perdido. La estructura narrativa, aunque original, me resultó difícil de seguir y eso me impidió disfrutar de la película. El humor negro tampoco conectó conmigo y los personajes no me resultaron especialmente interesantes. No es una película que recomendaría, aunque entiendo que tiene muchos seguidores.",negativo
37,"Me sorprendió gratamente. No esperaba mucho de la película, pero me encontré con una obra original, divertida y llena de matices. La forma en que Tarantino mezcla géneros y juega con las expectativas del espectador es simplemente genial. Los personajes son extravagantes y memorables, y la historia nunca deja de sorprender. Es una película que te hace reír, reflexionar y disfrutar del cine de una manera diferente. Muy recomendable.",positivo
38,"No es lo que esperaba. La vi con la recomendación de varios amigos, pero no encontré nada que me impactara especialmente. La historia es original, pero no me resultó tan sorprendente como esperaba. Los personajes están bien construidos, pero no logré conectar con ellos. En general, es una película correcta, pero no la consideraría una obra maestra. Simplemente no es para mí.",negativo
39,"Me gustó, pero no es mi favorita. Reconozco el mérito artístico de la película y la originalidad de la historia, pero no logré conectar emocionalmente con ella. La violencia, el humor negro y los diálogos pueden resultar incómodos para algunas personas. Es una película que requiere de cierta apertura mental y gusto por el cine de autor. No la recomendaría a personas sensibles o que buscan algo más convencional.",neutro
40,"La recomiendo a todo el mundo. Pulp Fiction es una película que todo amante del cine debería ver al menos una vez. Es una obra que rompe con las convenciones y que demuestra el poder de la creatividad. La dirección, el guion y las actuaciones son excepcionales. Es una experiencia cinematográfica única que te deja con ganas de más. No te la pierdas si te gusta el cine de autor y las historias originales.",positivo
41,"No me atrapó. Aunque reconocí la originalidad de la historia, no logré empatizar con los personajes ni con la trama. Me resultó difícil seguir el hilo de la historia y, en ocasiones, me sentí perdido. El humor negro tampoco conectó conmigo y eso me impidió disfrutar de la experiencia. No es una película que recomendaría, aunque entiendo que tiene muchos seguidores.",negativo
42,"Una experiencia cinematográfica única. Pulp Fiction es una película que redefine lo que significa hacer cine. La forma en que Tarantino entrelaza las historias, el ritmo, los personajes y los diálogos es simplemente magistral. Cada escena está cuidadosamente construida y no hay un solo minuto desperdiciado. Es una película que te deja pensando y que puedes ver una y otra vez, descubriendo nuevos detalles cada vez. Sin duda, una de las mejores películas de todos los tiempos.",positivo
43,"No me gustaron los diálogos. Aunque reconozco que son originales y diferentes, no logré conectar con la forma en que los personajes hablan. Me resultaron forzados y poco naturales en algunos momentos. El humor negro tampoco conectó conmigo y eso me impidió disfrutar de la película. No es una película que recomendaría, aunque entiendo que tiene muchos seguidores.",negativo
44,"Me encantó la mezcla de géneros. Pulp Fiction es una película que no se puede encasillar en un solo género. Tarantino mezcla el drama, la comedia, el thriller y el cine negro de una manera magistral. Cada escena es una sorpresa y el resultado es una obra original y divertida. Es una película que te hace reír, reflexionar y disfrutar del cine de una manera diferente. Muy recomendable para quienes buscan algo fuera de lo común.",positivo
45,"No la recomiendo a todo el mundo. Reconozco el mérito artístico de la película y la originalidad de la historia, pero creo que no todo el mundo va a disfrutarla. La violencia, el humor negro y los diálogos pueden resultar incómodos para algunas personas. Es una película que requiere de cierta apertura mental y gusto por el cine de autor. No la recomendaría a personas sensibles o que buscan algo más convencional.",negativo
46,"Una película que nunca pasa de moda. Pulp Fiction es una obra que sigue siendo relevante décadas después de su estreno. La forma en que Tarantino juega con el tiempo y las historias es simplemente genial. Los personajes son inolvidables y los diálogos, brillantes. Es una película que puedes ver una y otra vez, descubriendo nuevos detalles cada vez. No hay un solo minuto desperdiciado y cada escena aporta algo a la historia. Sin duda, una obra maestra.",positivo
47,"No me pareció tan buena como dicen. La vi esperando encontrar algo especial, pero no logré ver qué la hace tan valorada. La historia me pareció confusa y los personajes, aunque carismáticos, no me resultaron especialmente interesantes. No niego que tiene momentos divertidos y originales, pero en general no me impactó tanto como a la mayoría. Quizás es una película que hay que ver más de una vez para apreciarla.",negativo
48,"Me gustó, pero no la volvería a ver. Reconozco el mérito artístico de la película y la originalidad de la historia, pero no logré conectar emocionalmente con ella. La violencia, el humor negro y los diálogos pueden resultar incómodos para algunas personas. Es una película que requiere de cierta apertura mental y gusto por el cine de autor. No la recomendaría a personas sensibles o que buscan algo más convencional.",neutro
49,"Tarantino demuestra su genialidad. Pulp Fiction es una película que redefine lo que significa hacer cine. La forma en que Tarantino entrelaza las historias, el ritmo, los personajes y los diálogos es simplemente magistral. Cada escena está cuidadosamente construida y no hay un solo minuto desperdiciado. Es una película que te deja pensando y que puedes ver una y otra vez, descubriendo nuevos detalles cada vez. Sin duda, una de las mejores películas de todos los tiempos.",positivo
50,"No me gustó el humor negro. Aunque entiendo que es parte del estilo de Tarantino, en esta película me pareció excesivo y poco adecuado. Algunas escenas me resultaron incómodas e innecesarias, y eso me impidió disfrutar de la historia. Además, los personajes no me resultaron simpáticos y el humor negro no conectó conmigo. No es una película que recomendaría a personas sensibles o que buscan algo más ligero.",negativo
